id,name,model_id:id,group_id:id,perm_read,perm_write,perm_create,perm_unlink
access_car_piezas_accesorios,car_piezas.accesorios,model_car_piezas_accesorios,,1,1,1,1
access_car_pcar_piezas.carroceria,car_piezas.carroceria,model_car_piezas_carroceria,,1,1,1,1
access_car_car_piezas.mecanico,car_piezas.mecanico,model_car_piezas_mecanico,,1,1,1,1
access_car_piezas.interiores,car_piezas.interiores,model_car_piezas_interiores,,1,1,1,1
access_car_piezas_exteriores,car_piezas.exteriores,model_car_piezas_exteriores,,1,1,1,1
access_name_car_nombre_interior,name.car.nombre_interior,model_name_car_nombre_interior,,1,1,1,1
access_name_car_nombre_exterior,name.car.nombre_exterior,model_name_car_nombre_exterior,,1,1,1,1
access_name_car_nombre_mecanico,name.car.nombre_mecanico,model_name_car_nombre_mecanico,,1,1,1,1
access_name_car_nombre_accesorio,name.car.nombre_accesorio,model_name_car_nombre_accesorio,,1,1,1,1
access_name_car_nombre_caroseria,name.car.nombre_caroseria,model_name_car_nombre_caroseria,,1,1,1,1
