<odoo>
   <data noupdate="1">

            <record id="group_car_repair_user" model="res.groups">
                <field name="name">Car Repair User/Technician</field>
                <field name="implied_ids" eval="[(4, ref('project.group_project_user')),
                                                (4, ref('account.group_account_invoice')),
                                                (4, ref('hr_timesheet.group_hr_timesheet_user')),
                                                (4, ref('stock.group_stock_user')),
                                                ]"/>
<!--                <field name="model_id" ref ="model_car_repair_support"/> odoo13-->
                <field name="comment">the user will have access to his own data in the repair application.</field>
            </record>

            <record id="group_car_repair_manager" model="res.groups">
                <field name="name">Car Repair Manager</field>
                <field name="implied_ids" eval="[(4, ref('group_car_repair_user'))]"/>
<!--                <field name="model_id" ref ="model_car_repair_support"/> odoo13-->
            </record>

            <record id="car_repair_manager_rule" model="ir.rule">
                <field name="name">All Car Repair Request</field>
                <field ref="model_car_repair_support" name="model_id"/>
                <field name="domain_force">[(1,'=',1)]</field>
                <field name="groups" eval="[(4, ref('group_car_repair_manager'))]"/>
            </record>

            <record id="car_repair_user_rule" model="ir.rule">
                <field name="name">Personal Car Repair Request</field>
                <field ref="model_car_repair_support" name="model_id"/>
                <field name="domain_force">['|',('user_id','=',user.id),('user_id','=', False)]</field>
                <field name="groups" eval="[(4, ref('group_car_repair_user'))]"/>
            </record>

            <record id="car_repair_portal_rule" model="ir.rule">
                <field name="name">Portal Car Repair Request</field>
                <field ref="model_car_repair_support" name="model_id"/>
                <field name="domain_force">['|',('partner_id','child_of',user.partner_id.id),('partner_id','child_of',user.partner_id.parent_id.id)]</field>
                <field name="groups" eval="[(4, ref('base.group_portal'))]"/>
            </record>
            <record model="ir.rule" id="car_repair_support_rule">
                <field name="name">Car Repair Support multi-company</field>
                <field name="model_id" ref="model_car_repair_support"/>
                <field name="global" eval="True"/>
                <field name="domain_force">['|',('company_id','=',False),('company_id', 'in', company_ids)]</field>
            </record>

   </data>
</odoo>
